{"accuracy": [0.93389892578125, 0.9602332711219788, 0.9724284410476685, 0.9743725657463074, 0.9810886979103088, 0.9754329919815063, 0.9763166904449463, 0.9734888672828674, 0.9787911176681519, 0.9848002791404724], "loss": [0.1669921725988388, 0.11349519342184067, 0.07981336116790771, 0.07620365917682648, 0.0558319054543972, 0.06316837668418884, 0.06911619007587433, 0.08848711103200912, 0.06419078260660172, 0.04857955500483513], "val_accuracy": [0.5187265872955322, 0.5646067261695862, 0.516853928565979, 0.5402621626853943, 0.5131086111068726, 0.5102996230125427, 0.5009363293647766, 0.5187265872955322, 0.49438202381134033, 0.4915730357170105], "val_loss": [2.747509479522705, 2.3103346824645996, 3.4289023876190186, 3.569888114929199, 4.598373889923096, 4.996538162231445, 5.389389514923096, 3.970452070236206, 6.262151718139648, 4.9313459396362305]}